Total Median Housing values (DOLLARS),state,county,tract,block group,Total Median contract rent (DOLLARS),Total Population 25 years and older that have less than a college education,Total Population that is 25 years and older ,Total Median Gross Rent As A Percentage Of Household Income In The Past 12 Months (Dollars),Total below povery line (population whose poverty level is determined),Total Population for whom poverty status is determined,Total Number of Vacant Housing Units,Total Number of Housing Units,Total Number of Owner per housing unit,Total Number of Renter per housing unit,Total Number of Occupied Housing Units,Total number of person(only Hisapnic),Total number of person(only White),Total number of person(only Black or African American),Total population,Year
112900,36,029,007902,4,-666666666,215,666,-666666666.0,0,872,0,384,384,0,384,0,872,0,872,2015
128300,36,029,007902,5,770,200,736,27.4,19,1000,0,410,363,47,410,3,953,47,1000,2015
125000,36,029,007902,6,-666666666,141,423,-666666666.0,65,637,0,248,232,16,248,63,574,0,637,2015
111700,36,029,007903,1,767,210,738,27.2,68,973,25,522,413,84,497,11,890,49,973,2015
115600,36,029,007903,2,-666666666,373,781,-666666666.0,30,1078,0,433,425,8,433,0,1071,0,1078,2015
123800,36,029,007903,3,,363,992,10.0,8,1246,23,538,468,47,515,0,1271,0,1271,2015
118400,36,029,007904,1,860,312,1010,24.1,183,1406,0,551,452,99,551,18,1381,0,1406,2015
125500,36,029,007904,2,-666666666,142,433,-666666666.0,0,634,0,235,218,17,235,140,494,0,634,2015
116800,36,029,007904,3,935,324,970,39.4,118,1283,38,676,450,188,638,16,1090,54,1283,2015
130000,36,029,007905,1,843,513,1479,25.2,335,1794,154,1119,641,324,965,78,1547,95,1794,2015
142600,36,029,007905,2,-666666666,215,548,-666666666.0,29,652,0,364,364,0,364,0,652,0,652,2015
128100,36,029,007905,3,-666666666,343,1270,-666666666.0,16,1725,17,693,676,0,676,44,1707,0,1725,2015
112800,36,029,008001,1,-666666666,161,580,-666666666.0,12,704,35,361,309,17,326,0,673,0,704,2015
118100,36,029,008001,2,,239,1039,40.4,86,1497,0,540,491,49,540,36,1234,38,1595,2015
92600,36,029,008001,3,593,325,780,25.2,183,1215,0,435,270,165,435,57,833,277,1252,2015
109100,36,029,008001,4,-666666666,179,316,-666666666.0,0,426,35,225,190,0,190,0,400,0,426,2015
151500,36,029,008001,5,627,243,634,50.0,277,971,0,383,214,169,383,53,701,247,971,2015
96900,36,029,008001,6,-666666666,175,711,-666666666.0,72,906,31,411,330,50,380,12,826,80,906,2015
138500,36,029,008002,1,660,169,722,30.9,332,1160,0,472,263,209,472,290,1151,44,1211,2015
112600,36,029,008002,2,580,142,432,23.7,46,519,0,270,176,94,270,0,509,0,519,2015
122500,36,029,008002,3,673,418,1157,37.4,167,1918,17,765,489,259,748,15,1703,97,1918,2015
120700,36,029,008002,4,-666666666,234,882,-666666666.0,25,1053,0,473,444,29,473,0,1053,0,1053,2015
124000,36,029,008002,5,627,211,555,37.7,53,708,17,332,261,54,315,0,696,12,708,2015
153800,36,029,008002,6,-666666666,66,447,-666666666.0,0,494,0,264,247,17,264,0,494,0,494,2015
97100,36,029,008003,1,-666666666,317,655,-666666666.0,56,830,59,443,384,0,384,0,818,12,830,2015
108100,36,029,008003,2,719,315,519,50.0,444,1074,20,380,241,119,360,27,1059,0,1074,2015
115300,36,029,008003,3,638,308,638,31.3,69,759,19,371,193,159,352,0,650,0,759,2015
113100,36,029,008003,4,606,285,1009,17.8,89,1514,0,610,404,206,610,84,1257,67,1514,2015
107300,36,029,008003,5,-666666666,370,889,-666666666.0,4,1498,0,477,453,24,477,75,1399,60,1498,2015
114200,36,029,008101,1,663,299,993,14.2,61,1341,66,698,443,189,632,0,1229,0,1341,2015
128500,36,029,008101,2,,223,807,17.8,56,1144,48,598,426,124,550,0,1119,0,1144,2015
130600,36,029,008101,3,797,252,674,24.1,101,899,0,397,223,174,397,0,740,25,899,2015
118000,36,029,008101,4,629,241,734,22.2,35,890,0,485,338,147,485,70,847,0,890,2015
105200,36,029,008101,5,749,476,1004,32.5,19,1215,77,775,319,379,698,2,1115,51,1215,2015
162500,36,029,008102,1,713,144,708,23.3,41,945,0,448,344,104,448,18,887,0,945,2015
121700,36,029,008102,2,625,252,831,28.9,80,1274,0,564,346,218,564,76,1212,42,1283,2015
242700,36,029,008102,3,-666666666,35,473,-666666666.0,58,581,36,325,289,0,289,0,581,0,581,2015
162300,36,029,008102,4,-666666666,129,636,-666666666.0,10,771,0,367,354,13,367,8,748,5,771,2015
120700,36,029,008102,5,-666666666,164,414,-666666666.0,62,521,24,312,270,18,288,12,521,0,521,2015
105400,36,029,008201,1,698,246,525,50.0,121,729,18,373,234,121,355,55,674,19,729,2015
106900,36,029,008201,2,636,194,598,22.8,46,754,9,403,258,136,394,32,719,3,754,2015
107000,36,029,008201,3,256,331,737,20.0,87,994,0,390,350,40,390,32,974,15,994,2015
120100,36,029,008202,1,606,265,746,21.0,17,994,58,507,307,142,449,9,963,31,994,2015
110900,36,029,008202,2,491,213,478,25.0,16,561,62,412,148,202,350,0,561,0,561,2015
,36,029,002800,3,523,148,232,50.0,239,383,93,237,62,82,144,36,102,156,383,2015
37100,36,029,002800,4,474,267,521,50.0,246,886,84,439,127,228,355,21,156,666,886,2015
31500,36,029,002900,1,500,141,260,45.6,212,424,101,248,46,101,147,22,58,346,432,2015
,36,029,002900,2,520,149,339,47.4,63,499,98,326,129,99,228,0,136,322,499,2015
24900,36,029,002900,3,513,135,251,40.2,451,685,89,293,43,161,204,0,10,675,685,2015
57500,36,029,002900,4,426,170,270,50.0,170,385,85,313,77,151,228,4,9,376,385,2015
45000,36,029,003000,1,708,169,390,46.5,161,625,32,360,143,185,328,17,105,498,625,2015
29600,36,029,003000,2,559,357,709,45.4,536,1117,123,604,209,272,481,44,169,710,1117,2015
55400,36,029,003000,3,482,193,543,31.6,394,837,143,416,190,83,273,15,77,728,837,2015
82100,36,029,003100,1,425,111,200,50.0,18,336,234,383,89,60,149,0,9,327,336,2015
34200,36,029,003100,2,-666666666,176,280,-666666666.0,43,332,107,278,153,18,171,0,9,306,332,2015
53800,36,029,003100,3,367,462,748,28.1,228,749,175,458,108,175,283,11,166,856,1037,2015
-666666666,36,029,003100,4,188,126,216,27.4,150,321,16,171,0,155,155,12,59,255,338,2015
41400,36,029,003301,1,561,215,497,24.5,243,696,114,338,55,169,224,8,154,693,855,2015
48500,36,029,003301,2,595,264,505,34.3,258,818,57,400,222,121,343,0,0,787,818,2015
46100,36,029,003301,3,563,375,727,49.7,357,1254,162,682,136,384,520,17,0,1246,1254,2015
52900,36,029,003301,4,610,216,511,50.0,408,933,115,478,271,92,363,0,14,919,933,2015
34000,36,029,003302,1,425,149,368,34.5,136,501,143,455,201,111,312,0,14,506,520,2015
23100,36,029,003302,2,481,252,566,50.0,459,830,95,539,157,287,444,0,93,676,830,2015
31100,36,029,003302,3,542,451,676,30.3,421,1100,78,453,157,218,375,49,12,1052,1100,2015
22600,36,029,003302,4,262,271,443,28.9,382,720,107,424,93,224,317,93,0,591,720,2015
28400,36,029,003400,1,431,74,320,33.2,153,484,73,361,140,148,288,0,0,465,484,2015
,36,029,003400,2,426,183,376,46.5,203,714,93,403,182,128,310,0,0,699,714,2015
23800,36,029,003400,3,448,152,318,50.0,190,492,209,454,108,137,245,0,38,428,492,2015
21400,36,029,003400,4,443,43,207,17.7,29,286,63,206,73,70,143,0,0,264,286,2015
,36,029,003400,5,516,129,218,50.0,106,343,63,227,63,101,164,11,3,354,361,2015
53100,36,029,003500,1,346,127,212,50.0,135,250,0,160,71,89,160,1,76,165,250,2015
28000,36,029,003500,2,436,206,459,50.0,141,616,178,526,179,169,348,31,8,566,616,2015
21100,36,029,003500,3,432,424,633,31.3,664,1305,148,721,148,425,573,0,7,1290,1305,2015
38500,36,029,003500,4,481,375,564,50.0,366,809,117,610,206,287,493,0,24,785,809,2015
,36,029,003600,1,480,282,472,50.0,523,925,18,340,129,193,322,0,133,792,925,2015
28200,36,029,003600,2,604,154,316,37.6,242,622,107,390,125,158,283,0,0,622,622,2015
23900,36,029,003600,3,450,340,511,40.6,391,767,144,504,154,206,360,37,150,593,767,2015
32200,36,029,003600,4,,80,354,40.8,127,392,40,196,112,44,156,8,73,271,392,2015
37700,36,029,003700,1,514,351,671,50.0,556,1129,45,505,144,316,460,2,120,1017,1138,2015
29000,36,029,003700,2,613,397,592,38.5,485,1246,52,453,152,249,401,6,135,1068,1246,2015
,36,029,003700,3,706,85,155,50.0,79,310,43,169,89,37,126,7,68,201,310,2015
38500,36,029,003700,4,591,263,670,37.3,562,1139,63,550,165,322,487,5,53,986,1139,2015
43400,36,029,003700,5,481,100,317,50.0,186,503,76,304,135,93,228,105,60,423,503,2015
33000,36,029,003800,1,526,432,637,39.2,296,996,49,452,205,198,403,0,149,847,996,2015
,36,029,003800,2,583,255,439,50.0,658,953,50,363,59,254,313,0,76,838,953,2015
38000,36,029,003800,3,483,172,462,27.9,232,1047,93,488,112,283,395,223,102,841,1059,2015
50400,36,029,003901,1,538,339,692,44.3,329,987,79,586,233,274,507,6,19,929,987,2015
40200,36,029,004001,1,680,485,734,50.0,471,1189,66,619,165,388,553,0,9,1170,1198,2015
99400,36,029,008202,3,625,147,423,17.9,25,604,74,329,175,80,255,0,575,29,604,2015
89300,36,029,008202,4,589,197,483,20.5,58,684,0,297,134,163,297,30,684,0,684,2015
110600,36,029,008202,5,347,384,647,23.5,73,672,75,457,119,263,382,14,711,105,824,2015
87100,36,029,008300,1,447,462,750,28.5,360,1210,53,690,151,486,637,185,841,169,1282,2015
54700,36,029,008300,2,480,172,362,48.7,254,559,0,261,29,232,261,14,423,52,559,2015
70600,36,029,008300,3,483,185,299,30.6,243,527,22,262,52,188,240,112,393,0,527,2015
98400,36,029,008400,1,-666666666,307,362,-666666666.0,49,416,49,241,188,4,192,10,406,0,416,2015
88600,36,029,008400,2,917,453,853,19.3,250,1065,46,493,358,89,447,0,1000,0,1065,2015
72200,36,029,008400,3,439,247,538,29.0,499,1002,69,421,157,195,352,19,684,0,1002,2015
128300,36,029,008500,1,388,213,861,28.3,104,1018,38,628,340,250,590,18,975,11,1023,2015
118600,36,029,008500,2,620,320,923,29.4,39,1364,16,582,412,154,566,133,1188,105,1364,2015
117900,36,029,008600,1,715,110,536,18.0,94,799,42,376,293,41,334,0,787,0,799,2015
102400,36,029,008600,2,-666666666,104,592,-666666666.0,0,922,0,306,306,0,306,0,802,0,922,2015
127500,36,029,008600,3,638,103,721,13.6,0,944,0,393,304,89,393,19,933,0,944,2015
123700,36,029,008600,4,-666666666,48,382,-666666666.0,0,412,0,262,246,16,262,0,412,0,412,2015
100900,36,029,008600,5,547,204,599,41.1,124,650,0,527,67,460,527,0,522,95,650,2015
141700,36,029,008600,6,626,117,674,21.2,40,861,0,366,229,137,366,0,848,0,861,2015
96700,36,029,008700,1,693,182,456,50.0,66,623,42,348,244,62,306,0,569,23,623,2015
87300,36,029,008700,2,,337,796,48.4,154,1131,0,398,311,87,398,40,1101,30,1131,2015
111800,36,029,008700,3,622,221,825,50.0,210,1315,38,573,422,113,535,0,1314,1,1315,2015
111800,36,029,008700,4,498,199,506,21.5,19,709,48,348,205,95,300,109,574,19,709,2015
127800,36,029,008700,5,520,140,784,31.8,75,947,34,567,289,244,533,83,947,0,947,2015
103700,36,029,008800,1,591,158,549,24.3,87,710,0,338,151,187,338,18,700,10,710,2015
95000,36,029,008800,2,602,348,973,31.3,65,1280,25,586,410,151,561,32,1233,11,1280,2015
96100,36,029,008800,3,585,303,1094,24.6,241,1581,27,744,469,248,717,35,1257,273,1581,2015
135800,36,029,008900,1,630,101,746,22.2,28,966,63,507,335,109,444,29,951,0,966,2015
155600,36,029,008900,2,622,105,452,16.1,38,576,9,263,173,81,254,0,547,29,576,2015
188400,36,029,008900,3,654,69,567,22.1,62,697,0,371,266,105,371,28,628,41,697,2015
150700,36,029,008900,4,1259,43,522,22.1,9,751,5,347,263,79,342,22,695,23,751,2015
199700,36,029,008900,5,380,126,920,22.9,121,1314,9,583,359,215,574,14,1245,23,1322,2015
164500,36,029,009004,1,-666666666,236,1401,-666666666.0,20,1801,27,850,790,33,823,106,1683,48,1831,2015
215500,36,029,009004,2,731,154,1212,31.0,17,1765,47,711,618,46,664,80,1757,0,1765,2015
178400,36,029,009006,1,-666666666,201,1005,-666666666.0,27,1499,0,608,573,35,608,118,1358,180,1555,2015
150200,36,029,009006,2,1171,409,1145,31.4,60,1402,52,744,409,283,692,0,1217,0,1402,2015
240600,36,029,009006,3,-666666666,146,918,-666666666.0,10,1303,32,540,438,70,508,40,1273,2,1303,2015
158700,36,029,009006,4,980,254,1091,19.5,144,1607,44,679,358,277,635,16,1213,0,1607,2015
194000,36,029,009006,5,-666666666,217,1046,-666666666.0,25,1603,0,569,553,16,569,4,1515,5,1603,2015
287300,36,029,009007,1,-666666666,131,1149,-666666666.0,75,1641,0,587,576,11,587,29,1408,12,1641,2015
352300,36,029,009007,2,-666666666,67,937,-666666666.0,32,1499,43,502,391,68,459,224,1240,0,1514,2015
248500,36,029,009007,3,-666666666,213,1763,-666666666.0,71,2461,27,967,927,13,940,35,2153,19,2461,2015
277800,36,029,009007,4,-666666666,155,1220,-666666666.0,104,1785,46,703,625,32,657,0,1558,0,1785,2015
161800,36,029,009008,1,,330,1145,50.0,67,1352,51,755,606,98,704,13,1457,0,1457,2015
205700,36,029,009008,2,1826,254,854,50.0,35,822,71,585,254,260,514,5,835,38,989,2015
333300,36,029,009008,3,1519,208,1835,27.5,78,2407,110,1241,546,585,1131,8,1881,41,2407,2015
55200,36,029,000110,1,488,156,311,29.6,40,430,52,227,140,35,175,26,432,0,446,2015
-666666666,36,029,000110,2,-666666666,0,0,-666666666.0,0,0,0,0,0,0,0,0,0,0,0,2015
55300,36,029,000110,3,549,408,610,39.9,420,1080,61,390,200,129,329,441,472,167,1091,2015
59000,36,029,000110,4,545,443,902,34.2,297,1317,46,582,289,247,536,231,1121,0,1317,2015
60800,36,029,000200,1,523,645,928,25.7,451,1345,0,555,241,314,555,176,1087,11,1358,2015
56600,36,029,000200,2,563,246,464,50.0,271,654,39,318,205,74,279,150,498,20,664,2015
61600,36,029,000200,3,474,561,889,27.8,192,1145,80,603,291,232,523,10,1076,33,1151,2015
56800,36,029,000200,4,430,351,577,41.2,339,977,34,445,147,264,411,239,688,18,977,2015
43900,36,029,000500,1,421,426,616,50.0,265,870,170,551,264,117,381,205,766,0,870,2015
37800,36,029,000500,2,445,324,580,43.3,520,1197,78,498,235,185,420,262,1012,22,1206,2015
71800,36,029,000600,1,501,421,1206,36.6,272,1639,15,786,516,255,771,72,1583,0,1639,2015
87500,36,029,000600,2,422,278,793,16.0,52,1023,110,565,398,57,455,35,1022,1,1023,2015
76100,36,029,000600,3,795,360,773,18.4,88,1079,37,499,370,92,462,198,769,240,1079,2015
87500,36,029,000600,4,554,76,524,27.2,231,760,40,375,219,116,335,1,548,219,769,2015
131300,36,029,000700,1,-666666666,69,389,-666666666.0,106,637,26,242,183,33,216,21,637,0,637,2015
99300,36,029,000700,2,512,150,524,22.7,9,717,26,353,274,53,327,12,678,0,717,2015
103800,36,029,000700,3,-666666666,195,443,-666666666.0,7,722,0,237,231,6,237,0,681,7,722,2015
105400,36,029,000700,4,562,297,796,20.3,0,909,111,527,252,164,416,3,1021,12,1036,2015
100000,36,029,000700,5,439,222,487,15.9,3,660,20,305,210,75,285,15,649,3,660,2015
83900,36,029,000800,1,573,273,598,50.0,68,776,31,359,273,55,328,0,776,0,783,2015
72800,36,029,000800,2,484,490,1034,20.9,177,1547,156,834,455,223,678,65,1443,72,1547,2015
85500,36,029,000800,3,540,497,1246,41.8,448,1819,34,710,381,295,676,156,1690,19,1819,2015
132100,36,029,000800,4,436,153,389,17.3,74,580,0,197,170,27,197,7,573,0,580,2015
42200,36,029,005900,1,476,280,500,23.7,301,964,34,332,161,137,298,428,516,28,964,2015
36500,36,029,005900,2,481,232,404,50.0,410,638,91,377,119,167,286,237,379,73,638,2015
32100,36,029,005900,3,465,249,326,24.5,203,564,83,324,94,147,241,218,187,88,564,2015
50600,36,029,005900,4,422,322,446,50.0,204,580,16,328,128,184,312,96,396,145,580,2015
,36,029,005900,5,404,420,766,29.7,407,1113,60,613,71,482,553,250,741,157,1113,2015
42100,36,029,006100,1,540,499,928,42.8,626,1653,65,512,146,301,447,246,400,339,1653,2015
67900,36,029,006100,2,489,107,379,47.6,274,625,75,347,61,211,272,120,426,115,625,2015
54800,36,029,006100,3,507,245,436,32.5,226,722,111,338,75,152,227,152,521,128,722,2015
81300,36,029,006100,4,552,387,714,32.7,600,1140,90,473,97,286,383,173,291,662,1140,2015
68500,36,029,006100,5,555,164,411,28.9,207,724,114,428,93,221,314,223,145,303,724,2015
-666666666,36,029,006201,1,-666666666,0,51,-666666666.0,0,0,0,0,0,0,0,276,844,694,1920,2015
159500,36,029,006301,1,575,155,740,20.1,171,1078,0,517,211,306,517,121,894,0,1078,2015
350000,36,029,006301,2,776,56,577,19.1,53,767,31,471,130,310,440,35,726,0,767,2015
236500,36,029,006301,3,527,127,631,19.8,113,967,12,395,192,191,383,0,817,134,967,2015
142300,36,029,006301,4,492,404,808,32.9,310,1273,73,671,302,296,598,225,958,20,1273,2015
,36,029,006301,5,591,63,248,25.2,258,562,58,322,39,225,264,45,442,106,562,2015
300000,36,029,006302,1,845,61,759,40.1,65,1024,116,535,230,189,419,67,999,10,1024,2015
272600,36,029,006302,2,793,114,777,27.8,126,1009,8,475,219,248,467,42,1047,32,1109,2015
247400,36,029,006302,3,737,28,371,22.2,52,513,17,284,156,111,267,0,513,0,513,2015
218800,36,029,006501,1,755,45,635,19.0,55,779,39,455,158,258,416,108,607,2,779,2015
189600,36,029,006501,2,825,99,484,22.0,86,721,81,443,167,195,362,24,669,52,721,2015
75000,36,029,006501,3,634,152,438,29.4,98,593,76,358,120,162,282,54,514,28,593,2015
51800,36,029,006501,4,531,100,276,43.7,278,699,29,265,52,184,236,99,261,270,709,2015
,36,029,006601,1,508,99,297,32.5,126,340,50,250,57,143,200,6,141,106,340,2015
186700,36,029,006601,2,753,105,902,23.1,164,1358,124,731,198,409,607,84,1194,50,1358,2015
62100,36,029,006601,3,490,363,550,48.3,595,997,73,375,117,185,302,178,278,52,997,2015
200400,36,029,006602,1,779,66,530,26.4,29,651,80,479,235,164,399,74,562,31,651,2015
270200,36,029,006602,2,859,181,623,25.7,53,586,55,386,79,252,331,0,587,134,769,2015
197800,36,029,006602,3,447,194,631,31.6,285,800,98,624,47,479,526,264,376,290,800,2015
190000,36,029,006701,1,640,171,1161,23.5,109,1301,143,962,199,620,819,51,989,245,1301,2015
115500,36,029,006701,2,587,233,602,22.0,245,796,33,424,104,287,391,125,434,0,796,2015
214200,36,029,006701,3,757,46,794,26.5,248,1056,178,839,97,564,661,53,819,113,1056,2015
267200,36,029,006702,1,673,103,775,29.7,133,853,0,624,176,448,624,0,533,227,853,2015
-666666666,36,029,006702,2,665,278,1146,26.1,430,1388,136,1264,0,1128,1128,173,820,367,1388,2015
368300,36,029,006702,3,548,209,623,23.8,203,682,81,528,111,336,447,88,521,78,709,2015
225300,36,029,006800,1,692,88,651,32.0,154,901,0,512,135,377,512,90,767,51,901,2015
508600,36,029,006800,2,764,53,398,29.4,74,554,226,582,56,300,356,31,411,106,557,2015
,36,029,006800,3,611,321,694,30.1,377,1086,56,543,126,361,487,389,625,102,1086,2015
205400,36,029,006800,4,608,436,1006,26.7,729,1431,169,744,191,384,575,66,946,116,1431,2015
56700,36,029,006901,1,532,150,361,46.7,257,639,130,347,52,165,217,195,126,154,639,2015
54100,36,029,006901,2,430,364,484,50.0,593,953,12,348,67,269,336,358,415,156,953,2015
36300,36,029,006901,3,447,392,604,50.0,682,1089,199,644,130,315,445,400,205,104,1089,2015
52900,36,029,006901,4,533,410,436,33.7,288,610,95,326,40,191,231,288,81,98,610,2015
106400,36,029,006902,1,520,496,1076,42.1,325,1450,58,742,338,346,684,276,686,145,1468,2015
37500,36,029,004001,2,484,242,472,50.0,341,687,55,382,173,154,327,14,138,537,687,2015
66000,36,029,004001,3,449,278,594,50.0,671,1064,66,492,119,307,426,31,9,996,1064,2015
,36,029,004001,4,581,268,446,50.0,478,797,107,409,173,129,302,67,67,670,797,2015
96300,36,029,004001,5,573,187,490,29.4,387,839,29,372,114,229,343,161,584,92,839,2015
42300,36,029,004100,1,531,402,794,47.1,399,1389,141,723,255,327,582,73,29,1305,1407,2015
60700,36,029,004100,2,495,231,698,40.0,149,902,28,497,281,188,469,0,74,746,902,2015
53100,36,029,004100,3,491,204,478,23.6,165,897,33,405,150,222,372,22,99,798,897,2015
62900,36,029,004100,4,553,207,758,46.1,352,1223,104,652,246,302,548,11,220,979,1223,2015
45500,36,029,004200,1,683,209,375,35.6,101,642,59,293,122,112,234,53,18,624,642,2015
41500,36,029,004200,2,625,206,461,50.0,198,647,99,388,157,132,289,0,30,580,647,2015
47300,36,029,004200,3,485,104,303,35.2,190,461,80,332,110,142,252,0,16,445,461,2015
50800,36,029,004200,4,740,185,389,50.0,397,646,16,246,128,102,230,0,14,632,646,2015
48300,36,029,004200,5,584,262,613,32.4,392,1079,0,404,229,175,404,0,51,1028,1079,2015
53400,36,029,004300,1,543,204,526,29.5,163,671,96,443,133,214,347,26,178,459,690,2015
40000,36,029,004300,2,612,220,509,50.0,538,1045,55,401,128,218,346,44,58,954,1045,2015
43700,36,029,004300,3,667,332,805,29.3,716,1632,140,661,101,420,521,0,0,1420,1632,2015
115400,36,029,004300,4,-666666666,44,302,-666666666.0,0,420,0,169,169,0,169,13,134,273,420,2015
64400,36,029,004300,5,544,322,549,24.5,316,1015,0,386,103,283,386,0,142,813,1015,2015
58800,36,029,004300,6,721,249,390,50.0,606,960,137,454,113,204,317,34,103,757,960,2015
62400,36,029,004300,7,-666666666,47,177,-666666666.0,68,249,0,147,85,62,147,0,29,220,249,2015
59800,36,029,004401,1,679,235,506,47.5,195,882,14,320,188,118,306,0,100,782,882,2015
37300,36,029,004401,2,630,252,530,50.0,430,946,94,442,195,153,348,0,18,928,946,2015
52900,36,029,004401,3,495,355,879,31.7,272,1329,101,712,323,288,611,0,20,1309,1329,2015
70800,36,029,004401,4,701,264,715,24.5,386,1182,103,676,112,461,573,12,134,1021,1182,2015
-666666666,36,029,004402,1,234,470,785,22.6,932,1692,69,791,27,695,722,108,51,1559,1692,2015
59000,36,029,004402,2,317,252,554,28.5,646,1028,0,494,144,350,494,0,3,974,1028,2015
104200,36,029,004500,1,620,182,753,35.9,73,855,52,550,250,248,498,29,716,110,855,2015
,36,029,004500,2,735,269,654,25.3,319,874,0,506,68,438,506,17,109,695,890,2015
139700,36,029,004500,3,725,263,1064,42.8,52,1348,44,551,384,123,507,10,1309,13,1348,2015
358900,36,029,004500,4,646,181,756,50.0,93,974,0,307,225,82,307,51,760,214,974,2015
209500,36,029,004500,5,893,163,816,25.6,237,1140,0,418,263,155,418,0,889,104,1145,2015
205600,36,029,004500,6,691,98,523,13.1,0,603,46,363,223,94,317,88,509,17,603,2015
73000,36,029,004601,1,,178,429,23.4,134,669,0,249,192,57,249,45,472,122,669,2015
74100,36,029,004601,2,661,80,460,26.4,129,700,49,319,96,174,270,12,213,213,709,2015
175200,36,029,004601,3,821,100,585,35.5,172,875,17,403,296,90,386,5,620,108,875,2015
,36,029,004601,4,578,12,410,50.0,484,1004,79,430,104,247,351,57,415,145,1019,2015
-666666666,36,029,004602,1,-666666666,12,99,-666666666.0,3,17,0,4,4,0,4,179,566,153,1194,2015
,36,029,004700,1,712,184,543,21.4,109,911,39,454,158,257,415,82,231,584,911,2015
59200,36,029,004700,2,570,93,394,26.3,20,626,121,434,190,123,313,0,120,406,626,2015
55200,36,029,004700,3,,436,852,41.0,188,1398,78,525,307,140,447,0,28,1317,1428,2015
58000,36,029,004700,4,624,304,916,30.1,409,1435,57,743,171,515,686,121,262,767,1435,2015
50800,36,029,004700,5,603,320,568,50.0,738,1441,280,810,187,343,530,212,827,441,1441,2015
145700,36,029,004800,1,688,163,805,30.5,154,1358,14,565,311,240,551,137,1094,128,1358,2015
193800,36,029,004800,2,638,273,958,36.8,83,1354,35,630,400,195,595,69,1222,129,1354,2015
77200,36,029,000900,1,445,130,314,44.8,68,402,34,239,162,43,205,30,372,0,402,2015
90800,36,029,000900,2,614,238,777,21.4,82,979,0,418,247,171,418,59,886,38,983,2015
83300,36,029,000900,3,569,190,595,19.3,79,1026,0,446,167,279,446,128,949,31,1026,2015
48900,36,029,001000,1,579,453,883,28.2,152,1190,165,656,213,278,491,0,1046,142,1222,2015
71200,36,029,001000,2,464,285,525,19.7,37,673,44,368,133,191,324,0,673,0,673,2015
73300,36,029,001000,3,571,406,692,36.0,432,1108,38,489,148,303,451,60,1051,9,1108,2015
73300,36,029,001000,4,542,231,397,34.5,182,591,40,298,127,131,258,15,523,68,591,2015
64400,36,029,001000,5,508,737,1172,22.2,258,1566,95,847,302,450,752,51,1415,131,1566,2015
70500,36,029,001100,1,505,454,817,50.0,313,1141,54,719,309,356,665,32,1130,30,1185,2015
67600,36,029,001100,2,606,318,440,46.1,160,610,45,277,149,83,232,46,551,0,610,2015
63200,36,029,001100,3,568,417,704,50.0,343,1066,87,553,131,335,466,122,850,126,1066,2015
94100,36,029,001402,1,336,381,571,33.5,271,751,48,509,45,416,461,10,0,730,751,2015
-666666666,36,029,001402,2,,98,168,32.3,192,340,145,330,0,185,185,6,0,340,340,2015
81000,36,029,001402,3,525,368,871,31.0,308,1131,74,619,91,454,545,11,51,1033,1131,2015
135200,36,029,001402,4,398,352,507,31.2,148,648,103,459,174,182,356,64,108,451,648,2015
41000,36,029,001500,1,406,162,336,50.0,110,431,15,228,145,68,213,4,36,375,431,2015
48300,36,029,001500,2,446,542,792,50.0,508,1091,77,616,186,353,539,44,89,983,1091,2015
24400,36,029,001600,1,505,151,313,50.0,226,458,154,436,80,202,282,42,130,294,458,2015
23200,36,029,001600,2,420,279,432,38.6,344,722,164,555,127,264,391,61,148,440,722,2015
18900,36,029,001600,3,493,84,127,-666666666.0,162,199,131,238,58,49,107,22,37,140,199,2015
23300,36,029,001600,4,472,283,364,50.0,312,590,177,479,56,246,302,0,153,359,624,2015
31500,36,029,001700,1,332,498,704,41.0,421,997,176,675,238,261,499,61,667,219,997,2015
19600,36,029,001700,2,373,259,379,38.1,176,668,75,307,74,158,232,18,358,251,668,2015
66000,36,029,001900,1,545,504,931,19.1,134,1185,83,660,392,185,577,0,1119,74,1221,2015
72300,36,029,001900,2,466,364,892,50.0,89,1203,67,620,488,65,553,27,1193,0,1211,2015
59300,36,029,001900,3,,169,384,42.8,49,544,62,307,144,101,245,0,320,166,544,2015
54800,36,029,002300,1,484,318,539,26.5,105,661,91,399,121,187,308,0,594,51,661,2015
45800,36,029,002300,2,526,387,604,50.0,393,918,18,386,183,185,368,69,683,235,918,2015
45100,36,029,002300,3,538,287,499,47.1,273,920,7,266,192,67,259,37,920,0,920,2015
49800,36,029,002300,4,362,473,676,35.7,296,872,93,563,107,363,470,60,663,168,878,2015
,36,029,002400,1,394,52,193,49.9,319,409,167,376,40,169,209,61,173,236,409,2015
23000,36,029,002400,2,386,178,269,50.0,189,372,0,208,28,180,208,0,108,264,372,2015
48000,36,029,002400,3,432,449,854,22.1,227,1064,111,604,255,238,493,42,986,0,1064,2015
53100,36,029,002400,4,398,343,691,50.0,420,1174,28,483,238,217,455,94,864,93,1174,2015
33700,36,029,002400,5,391,434,677,46.5,317,859,41,310,182,87,269,29,587,159,859,2015
48900,36,029,002400,6,368,325,436,23.8,80,551,79,344,208,57,265,7,524,0,551,2015
49600,36,029,002502,1,208,267,670,29.3,431,936,60,544,33,451,484,109,159,683,974,2015
83100,36,029,002502,2,447,280,750,50.0,124,1043,71,611,349,191,540,0,38,965,1045,2015
17100,36,029,002702,1,397,139,369,26.5,240,731,92,302,90,120,210,0,187,260,731,2015
29500,36,029,002702,2,348,78,208,50.0,178,286,132,295,44,119,163,0,23,160,286,2015
50300,36,029,002702,3,606,279,439,50.0,835,1049,179,381,81,121,202,13,42,223,1049,2015
,36,029,002702,4,249,271,414,50.0,288,534,143,398,79,176,255,0,165,185,534,2015
21000,36,029,002800,1,393,170,248,50.0,178,309,90,232,60,82,142,17,78,231,309,2015
,36,029,002800,2,382,192,359,48.8,295,517,191,425,69,165,234,11,247,256,517,2015
82100,36,029,006902,2,525,449,858,22.5,379,1095,73,535,147,315,462,581,470,106,1095,2015
57500,36,029,006902,3,443,236,451,34.4,481,761,20,389,90,279,369,299,280,55,761,2015
80700,36,029,006902,4,644,217,475,50.0,168,637,102,511,71,338,409,34,497,210,743,2015
67400,36,029,007000,1,516,468,639,50.0,1098,1397,80,540,185,275,460,655,282,476,1397,2015
162500,36,029,007000,2,447,285,415,42.7,288,729,109,470,64,297,361,205,385,152,729,2015
91200,36,029,007000,3,530,228,502,29.6,206,757,88,406,120,198,318,179,519,133,885,2015
414000,36,029,007101,1,432,341,447,24.2,225,575,103,357,74,180,254,275,309,75,575,2015
21800,36,029,007101,2,244,440,565,33.0,643,948,47,559,18,494,512,453,300,383,948,2015
69600,36,029,007101,3,459,485,912,34.9,540,1591,27,624,216,381,597,1156,288,183,1591,2015
,36,029,007101,4,432,200,390,50.0,468,665,55,353,20,278,298,288,228,299,665,2015
-666666666,36,029,007102,1,596,580,944,32.5,705,1451,58,667,0,609,609,586,315,741,1634,2015
196300,36,029,007102,2,651,123,384,29.4,225,585,61,467,97,309,406,225,374,38,585,2015
,36,029,007102,3,444,179,430,50.0,352,709,82,328,107,139,246,284,336,178,709,2015
346400,36,029,007202,1,466,321,1309,17.7,217,1794,72,1032,285,675,960,543,923,474,1832,2015
114700,36,029,007302,1,830,303,838,21.5,20,1367,84,543,396,63,459,262,1163,0,1367,2015
124500,36,029,007302,2,-666666666,176,568,27.0,113,830,0,337,289,48,337,0,810,0,830,2015
193500,36,029,007302,3,-666666666,124,681,-666666666.0,0,850,0,354,298,56,354,0,850,0,850,2015
197300,36,029,007302,4,536,489,1613,23.3,205,2274,0,949,815,134,949,31,2244,2,2280,2015
185800,36,029,007302,5,-666666666,322,957,-666666666.0,115,1550,45,518,427,46,473,60,1452,0,1550,2015
118500,36,029,007302,6,,344,768,13.0,272,1175,73,526,409,44,453,61,1100,14,1175,2015
122200,36,029,007303,1,-666666666,240,815,-666666666.0,98,1031,0,406,393,13,406,0,1060,0,1076,2015
204100,36,029,007303,2,766,489,1871,23.6,177,2605,129,1071,619,323,942,120,2295,165,2605,2015
163300,36,029,007303,3,915,518,1440,25.1,138,1916,83,1000,251,666,917,91,1803,25,2005,2015
201900,36,029,007303,4,-666666666,165,959,-666666666.0,54,1486,0,519,519,0,519,71,1263,0,1486,2015
225500,36,029,007304,1,785,505,1814,18.5,187,2571,44,973,865,64,929,19,2526,0,2571,2015
215700,36,029,007304,2,-666666666,393,1979,-666666666.0,41,2884,0,1124,1078,46,1124,17,2809,2,2884,2015
93400,36,029,007600,1,-666666666,214,610,-666666666.0,129,857,7,368,345,16,361,0,837,0,857,2015
104400,36,029,007600,2,-666666666,360,809,-666666666.0,49,1071,7,483,419,57,476,7,1012,5,1071,2015
94600,36,029,007600,3,-666666666,289,852,-666666666.0,57,1128,47,500,447,6,453,11,1128,0,1128,2015
96000,36,029,007700,1,504,277,801,19.7,152,987,39,620,294,287,581,72,943,23,1036,2015
85200,36,029,007700,2,555,327,780,23.7,46,1029,94,574,283,197,480,0,1015,0,1029,2015
84200,36,029,007700,3,632,246,567,49.7,87,709,53,467,281,133,414,32,669,0,709,2015
94500,36,029,007700,4,620,327,696,37.6,234,1058,0,392,264,128,392,42,1007,9,1058,2015
93500,36,029,007700,5,-666666666,249,501,-666666666.0,0,673,0,267,254,13,267,0,673,0,673,2015
89800,36,029,007800,1,523,288,887,14.0,73,1226,9,490,355,126,481,15,1132,1,1226,2015
86100,36,029,007800,2,393,451,939,32.3,317,1264,150,829,421,258,679,0,1217,0,1264,2015
113300,36,029,007800,3,711,368,818,31.0,56,1040,0,509,390,119,509,18,945,0,1040,2015
105900,36,029,007800,4,-666666666,589,1320,-666666666.0,30,1641,0,679,650,29,679,13,1641,0,1641,2015
144500,36,029,007901,1,-666666666,251,929,-666666666.0,61,1196,0,483,449,34,483,53,1195,8,1213,2015
206500,36,029,007901,2,848,172,975,23.9,130,1356,0,667,117,550,667,19,1148,94,1356,2015
151400,36,029,007901,3,-666666666,177,558,-666666666.0,75,714,9,356,331,16,347,0,659,1,714,2015
111000,36,029,007902,1,-666666666,103,484,-666666666.0,0,586,43,346,293,10,303,0,586,0,586,2015
112900,36,029,007902,2,-666666666,126,463,-666666666.0,0,619,38,295,257,0,257,50,560,59,619,2015
125300,36,029,007902,3,768,685,1738,24.9,133,2319,41,1061,646,374,1020,96,1888,239,2319,2015
172600,36,029,004800,3,660,161,1049,16.2,59,1493,0,683,386,297,683,132,1333,47,1500,2015
131200,36,029,004900,1,592,542,1402,26.8,217,1727,119,933,433,381,814,39,1405,135,1727,2015
121600,36,029,004900,2,632,257,970,27.3,225,1468,60,776,298,418,716,157,1071,98,1468,2015
118700,36,029,004900,3,663,72,618,25.9,175,726,0,400,219,181,400,84,548,79,726,2015
109700,36,029,004900,4,722,402,690,23.2,0,772,14,352,131,207,338,167,480,40,772,2015
111500,36,029,004900,5,591,340,916,28.9,123,1307,0,602,307,295,602,169,914,247,1307,2015
117900,36,029,005000,1,624,241,759,28.1,218,935,47,524,188,289,477,163,617,200,945,2015
83900,36,029,005000,2,605,310,526,15.4,108,612,0,272,116,156,272,42,483,22,612,2015
81400,36,029,005000,3,558,195,607,29.9,177,854,93,452,188,171,359,0,520,323,854,2015
97600,36,029,005100,1,629,539,1476,28.6,170,1781,115,1075,495,465,960,168,1288,407,1781,2015
85900,36,029,005100,2,586,237,494,34.2,113,583,0,398,84,314,398,28,405,178,583,2015
89100,36,029,005100,3,667,165,838,31.7,248,1086,0,607,169,438,607,203,895,174,1086,2015
114200,36,029,005100,4,615,218,746,23.8,109,1084,18,413,271,124,395,63,976,72,1089,2015
198200,36,029,005201,1,769,79,594,20.2,10,752,123,465,211,131,342,30,686,17,752,2015
176600,36,029,005201,2,753,44,415,18.4,46,649,30,263,152,81,233,23,586,0,649,2015
168800,36,029,005201,3,547,127,342,45.0,157,401,76,223,75,72,147,37,332,143,520,2015
214600,36,029,005201,4,577,65,708,28.7,134,962,74,545,232,239,471,29,846,106,969,2015
90000,36,029,005202,1,809,230,506,41.3,531,1084,74,452,192,186,378,96,942,673,1866,2015
60000,36,029,005202,2,524,206,633,34.2,473,1187,88,586,146,352,498,15,428,702,1187,2015
178800,36,029,005300,1,712,57,455,19.8,55,574,10,264,174,80,254,17,480,122,650,2015
226000,36,029,005300,2,238,178,377,28.7,174,359,0,290,35,255,290,72,478,382,1007,2015
335700,36,029,005400,1,812,202,1065,23.1,197,1519,63,797,279,455,734,133,1113,161,1519,2015
142400,36,029,005400,2,727,226,649,36.4,212,967,52,555,95,408,503,0,748,170,967,2015
234800,36,029,005400,3,-666666666,69,502,-666666666.0,8,691,0,269,250,19,269,22,608,83,691,2015
204300,36,029,005400,4,915,77,570,22.2,94,880,28,416,256,132,388,18,807,38,880,2015
49400,36,029,005500,1,603,370,600,39.4,415,1070,116,516,145,255,400,324,504,123,1070,2015
40700,36,029,005500,2,477,345,573,29.1,475,1083,151,649,40,458,498,250,561,169,1083,2015
,36,029,005500,3,420,307,532,50.0,352,867,131,496,129,236,365,264,344,169,867,2015
83900,36,029,005500,4,494,258,450,50.0,571,852,113,456,51,292,343,88,380,285,852,2015
55400,36,029,005600,1,276,151,246,30.4,411,623,53,290,26,211,237,275,204,214,632,2015
75700,36,029,005600,2,313,208,431,11.3,86,588,46,306,185,75,260,176,450,70,588,2015
61500,36,029,005600,3,598,276,831,31.2,491,1354,36,597,103,458,561,144,431,571,1354,2015
48900,36,029,005600,4,506,419,654,26.8,554,1148,75,486,89,322,411,379,602,222,1171,2015
67700,36,029,005600,5,499,214,376,28.8,62,599,40,317,118,159,277,59,356,104,599,2015
64900,36,029,005700,1,325,260,389,26.3,511,838,103,436,48,285,333,351,192,379,838,2015
52100,36,029,005700,2,447,175,381,49.4,127,508,84,330,131,115,246,86,340,23,508,2015
44700,36,029,005700,3,461,465,809,49.4,517,1093,106,592,197,289,486,248,741,75,1093,2015
57400,36,029,005801,1,473,478,865,50.0,470,1385,70,640,319,251,570,124,1126,33,1385,2015
63600,36,029,005801,2,570,380,636,27.8,198,1006,37,465,146,282,428,87,846,141,1006,2015
60600,36,029,005801,3,516,331,592,34.4,524,1005,0,418,109,309,418,381,489,73,1005,2015
52000,36,029,005802,1,638,434,548,42.1,514,954,22,374,53,299,352,347,691,102,979,2015
56400,36,029,005802,2,605,549,861,34.6,506,1318,118,589,211,260,471,361,881,232,1318,2015
53300,36,029,005802,3,536,144,406,50.0,435,724,78,356,66,212,278,0,216,220,724,2015
54700,36,029,005802,4,495,566,880,41.1,434,1601,76,638,363,199,562,302,1229,76,1601,2015
92400,36,029,010103,1,523,677,1505,38.3,279,2161,0,826,704,122,826,0,2012,135,2161,2015
88000,36,029,010103,2,726,339,825,25.6,57,1186,86,577,365,126,491,11,1054,131,1186,2015
88200,36,029,010103,3,617,251,581,21.0,64,785,24,433,154,255,409,0,743,42,785,2015
100000,36,029,010201,1,-666666666,119,484,-666666666.0,18,631,44,352,292,16,308,0,584,31,631,2015
101900,36,029,010201,2,636,272,1083,22.9,137,1559,19,692,518,155,673,0,1173,300,1559,2015
94700,36,029,010201,3,625,151,430,13.2,72,676,0,270,217,53,270,0,170,413,676,2015
64300,36,029,010202,1,534,556,1191,33.6,375,1956,86,856,449,321,770,47,587,1283,1991,2015
93800,36,029,010202,2,-666666666,60,268,-666666666.0,0,229,45,155,110,0,110,67,464,293,961,2015
82500,36,029,010202,3,967,235,582,46.4,173,822,124,496,315,57,372,88,634,155,822,2015
71000,36,029,010300,1,736,155,415,50.0,247,692,48,310,118,144,262,122,235,312,692,2015
105000,36,029,010300,2,572,153,526,24.8,200,855,28,294,151,115,266,63,437,350,865,2015
66500,36,029,010400,1,622,463,995,39.2,530,1694,116,728,340,272,612,91,1077,480,1713,2015
67500,36,029,010400,2,485,146,405,28.1,142,660,33,362,133,196,329,52,370,201,660,2015
85100,36,029,010500,1,647,236,461,30.7,155,767,25,324,167,132,299,19,445,281,767,2015
76800,36,029,010500,2,-666666666,205,619,-666666666.0,97,875,0,360,339,21,360,40,505,237,880,2015
76900,36,029,010500,3,540,146,474,23.2,82,651,107,439,230,102,332,0,542,57,651,2015
84900,36,029,010600,1,525,442,752,20.4,84,1020,13,442,293,136,429,55,829,100,1020,2015
92700,36,029,010600,2,540,444,1163,17.6,114,1543,118,789,491,180,671,27,1418,94,1543,2015
87500,36,029,010700,1,613,498,880,19.9,164,1100,97,653,383,173,556,12,905,140,1100,2015
92700,36,029,010700,2,658,244,468,23.7,48,573,0,292,233,59,292,16,471,70,573,2015
91100,36,029,010700,3,-666666666,278,411,-666666666.0,223,692,74,336,254,8,262,0,572,120,692,2015
115300,36,029,010803,1,424,371,942,31.3,145,1261,10,561,464,87,551,28,1208,40,1282,2015
93400,36,029,010803,2,559,431,659,32.1,10,544,30,325,153,142,295,0,714,5,727,2015
152200,36,029,010804,1,415,493,1232,24.5,131,1493,52,752,528,172,700,11,1460,22,1493,2015
153600,36,029,010804,2,800,829,1846,26.5,131,2222,27,1159,890,242,1132,48,2132,20,2222,2015
127300,36,029,010805,1,748,942,1591,18.1,163,2083,0,877,826,51,877,56,2083,0,2083,2015
115000,36,029,010805,2,-666666666,544,936,-666666666.0,16,1270,0,533,460,73,533,26,1270,0,1270,2015
121700,36,029,010805,3,683,455,1127,35.3,41,1629,43,731,514,174,688,40,1627,2,1629,2015
112800,36,029,010807,1,691,758,1743,32.2,490,2386,29,1079,427,623,1050,151,1836,214,2386,2015
125500,36,029,010807,2,-666666666,246,470,-666666666.0,0,543,0,293,273,20,293,20,531,0,543,2015
121400,36,029,010807,3,619,508,811,23.6,60,954,26,503,285,192,477,92,862,29,954,2015
116100,36,029,010807,4,768,652,1129,37.6,185,1430,0,636,390,246,636,0,1321,0,1430,2015
128500,36,029,010808,1,536,608,1145,50.0,211,1395,22,643,461,160,621,7,1420,37,1471,2015
113900,36,029,010808,2,816,563,1504,23.4,262,2080,50,1014,297,667,964,101,1195,356,2103,2015
-666666666,36,029,010808,3,862,32,149,24.3,15,178,0,96,0,96,96,0,161,17,178,2015
113100,36,029,010808,4,764,75,244,38.6,8,346,19,170,105,46,151,16,334,0,346,2015
117400,36,029,010809,1,859,285,926,22.8,10,1335,0,531,420,111,531,138,1310,0,1335,2015
135100,36,029,010809,2,-666666666,476,1367,-666666666.0,11,1791,23,819,775,21,796,42,1752,0,1791,2015
82100,36,029,010901,1,-666666666,175,398,-666666666.0,0,532,72,348,253,23,276,12,483,22,532,2015
94300,36,029,010901,2,479,335,723,12.9,45,963,0,471,441,30,471,19,921,31,963,2015
81300,36,029,010901,3,441,383,574,18.8,115,834,0,355,287,68,355,112,712,10,834,2015
114500,36,029,010902,1,804,404,823,31.8,238,1036,0,635,137,498,635,63,883,130,1036,2015
116300,36,029,010902,2,709,659,1150,40.1,70,1251,0,731,476,255,731,0,1142,109,1251,2015
107000,36,029,010902,3,537,464,1122,37.0,82,1322,0,615,537,78,615,13,1312,10,1322,2015
115100,36,029,010902,4,704,393,618,48.2,210,697,54,524,116,354,470,12,526,171,697,2015
87800,36,029,011000,1,,257,451,26.8,6,534,24,275,208,43,251,0,524,0,534,2015
85400,36,029,011000,2,653,185,464,21.0,113,690,44,310,192,74,266,12,646,22,707,2015
73400,36,029,011000,3,575,301,433,50.0,240,689,29,303,172,102,274,4,616,23,689,2015
79600,36,029,011100,1,475,633,1211,20.0,148,1677,42,711,622,47,669,11,1598,93,1693,2015
81000,36,029,011100,2,605,295,474,20.9,92,623,24,310,222,64,286,16,617,0,623,2015
161300,36,029,011200,1,407,1117,2569,33.4,161,3124,49,1652,1196,407,1603,0,3094,0,3124,2015
151000,36,029,011200,2,698,202,525,22.3,84,685,74,404,237,93,330,19,666,0,685,2015
147600,36,029,011200,3,548,354,755,18.4,13,1051,37,473,344,92,436,0,1051,0,1051,2015
201000,36,029,011200,4,738,312,1102,50.0,0,1623,36,679,584,59,643,62,1575,18,1623,2015
97700,36,029,011300,1,696,789,1795,29.9,344,2365,61,1157,638,458,1096,4,1940,411,2402,2015
94900,36,029,011300,2,489,366,609,16.6,82,661,0,322,233,89,322,0,661,0,661,2015
115700,36,029,011300,3,,635,1554,32.4,162,2106,63,931,752,116,868,0,2023,0,2106,2015
93000,36,029,011400,1,552,221,579,32.8,102,862,19,384,201,164,365,9,753,39,862,2015
87700,36,029,011400,2,507,386,851,21.5,299,1365,156,669,334,179,513,115,1108,180,1365,2015
93200,36,029,011500,1,669,349,599,34.0,86,901,17,383,262,104,366,34,892,0,901,2015
83300,36,029,011500,2,479,196,437,15.0,29,700,25,303,175,103,278,64,622,56,700,2015
102700,36,029,011600,1,732,404,1122,21.2,35,1391,41,788,382,365,747,45,1337,0,1391,2015
108200,36,029,011600,2,654,246,537,31.1,42,742,0,305,255,50,305,7,735,0,742,2015
95800,36,029,011700,1,453,223,502,22.5,36,604,0,326,271,55,326,0,588,0,604,2015
124800,36,029,011700,2,565,318,919,31.8,143,1379,17,524,382,125,507,11,1354,7,1379,2015
128000,36,029,011700,3,651,758,1647,26.5,119,1813,102,1140,536,502,1038,97,1914,33,1978,2015
120900,36,029,011800,1,568,519,979,37.0,66,1360,0,565,378,187,565,0,1354,0,1360,2015
118600,36,029,011800,2,480,147,562,28.5,96,733,27,358,274,57,331,18,662,37,733,2015
147100,36,029,011800,3,672,416,1076,27.1,42,1588,94,790,411,285,696,5,1513,70,1588,2015
114900,36,029,012001,1,597,351,1166,50.0,261,1701,47,753,551,155,706,26,1657,18,1701,2015
135300,36,029,012001,2,675,505,1414,19.6,149,2027,24,813,618,171,789,150,1896,0,2027,2015
152800,36,029,012001,3,941,222,519,22.5,112,773,0,274,196,78,274,0,780,0,795,2015
141900,36,029,012002,1,574,244,627,50.0,71,818,52,420,308,60,368,0,790,0,818,2015
158900,36,029,012002,2,796,620,1870,25.8,53,2564,8,1013,865,140,1005,22,2459,29,2564,2015
143800,36,029,012003,1,1007,693,1484,17.8,40,1975,25,871,769,77,846,59,1904,4,1975,2015
163000,36,029,012003,2,875,771,2142,27.1,101,2906,35,1218,1106,77,1183,34,2897,0,2927,2015
62600,36,029,012300,1,422,170,257,43.8,251,477,47,220,119,54,173,81,386,2,477,2015
60200,36,029,012300,2,583,334,648,28.1,134,829,69,460,246,145,391,0,814,15,829,2015
61100,36,029,012300,3,395,212,440,25.0,101,729,124,431,133,174,307,64,648,61,729,2015
54600,36,029,012300,4,411,369,660,18.9,232,904,149,605,168,288,456,80,735,108,904,2015
67500,36,029,012400,1,,272,395,33.0,249,618,22,250,127,101,228,142,403,38,618,2015
61600,36,029,012400,2,520,763,1161,35.4,385,1558,171,1007,513,323,836,157,1434,57,1579,2015
64700,36,029,012501,1,501,337,633,21.4,289,857,45,478,47,386,433,162,731,0,857,2015
84600,36,029,012501,2,447,147,426,28.3,123,570,0,280,128,152,280,0,554,0,570,2015
101900,36,029,012501,3,548,563,1072,26.6,49,1455,139,840,377,324,701,22,1436,3,1455,2015
97400,36,029,012501,4,722,350,685,50.0,347,977,45,423,208,170,378,40,908,29,977,2015
95500,36,029,012501,5,489,332,654,41.4,24,812,0,367,252,115,367,14,754,24,812,2015
113200,36,029,012502,1,546,294,744,19.8,60,984,18,445,327,100,427,55,984,0,984,2015
97700,36,029,012502,2,529,406,733,12.8,50,956,14,427,319,94,413,15,927,7,956,2015
88900,36,029,012800,1,553,405,698,36.4,106,926,40,445,248,157,405,43,837,15,932,2015
92300,36,029,012800,2,498,319,492,29.4,208,751,44,424,129,251,380,3,712,25,751,2015
98900,36,029,012800,3,592,222,531,24.1,106,896,16,338,211,111,322,34,879,5,896,2015
111100,36,029,012901,1,-666666666,237,463,-666666666.0,14,608,0,295,270,25,295,28,608,0,608,2015
129000,36,029,012901,2,,390,648,29.6,77,958,44,452,311,97,408,10,888,49,958,2015
135700,36,029,012901,3,791,803,1946,19.6,67,2308,49,1186,612,525,1137,82,2267,0,2324,2015
113400,36,029,012901,4,484,365,828,46.3,223,1208,53,530,310,167,477,76,1115,0,1208,2015
123700,36,029,012901,5,664,459,1018,36.1,460,1598,0,742,289,453,742,18,1386,30,1613,2015
169000,36,029,012902,1,-666666666,315,1172,-666666666.0,9,1599,10,596,586,0,586,24,1540,39,1599,2015
147500,36,029,012902,2,348,750,1549,26.0,195,1799,90,1130,391,649,1040,0,1834,34,1871,2015
116500,36,029,013001,1,657,358,733,24.1,145,1073,0,470,294,176,470,0,1005,0,1073,2015
115800,36,029,013001,2,567,207,531,27.1,7,666,0,345,270,75,345,0,659,0,666,2015
84200,36,029,013001,3,578,389,576,19.2,193,809,20,334,180,134,314,0,738,11,809,2015
110100,36,029,013001,4,499,212,429,40.9,22,601,18,301,226,57,283,0,624,0,633,2015
,36,029,013002,1,747,889,2160,24.8,467,3050,0,1286,1123,163,1286,73,2970,62,3124,2015
151100,36,029,013002,2,-666666666,219,872,-666666666.0,42,1159,0,454,403,51,454,29,1143,0,1159,2015
108500,36,029,013002,3,929,649,1347,45.9,68,1336,17,670,485,168,653,0,1509,8,1517,2015
209400,36,029,013101,1,,114,1300,28.5,67,1942,70,824,656,98,754,13,1839,34,1942,2015
133600,36,029,013101,2,668,636,1748,25.9,240,2464,58,1211,686,467,1153,26,2256,220,2476,2015
119100,36,029,013101,3,-666666666,240,527,-666666666.0,0,666,0,290,250,40,290,0,640,0,666,2015
117600,36,029,013101,4,-666666666,254,612,-666666666.0,0,677,0,307,292,15,307,0,650,0,677,2015
136700,36,029,013101,5,-666666666,77,430,-666666666.0,0,631,13,243,211,19,230,0,631,0,631,2015
196800,36,029,013102,1,-666666666,287,637,-666666666.0,164,1095,12,367,355,0,355,21,1074,0,1095,2015
143700,36,029,013102,2,-666666666,465,1533,-666666666.0,15,2197,78,952,822,52,874,17,2183,0,2197,2015
135600,36,029,013102,3,-666666666,127,646,-666666666.0,74,876,66,393,327,0,327,61,865,0,876,2015
225200,36,029,013102,4,-666666666,183,989,-666666666.0,57,1355,0,516,516,0,516,0,1385,24,1409,2015
206300,36,029,013102,5,-666666666,505,1590,-666666666.0,88,2529,73,901,801,27,828,23,2536,27,2574,2015
117400,36,029,013201,1,724,707,1580,23.0,460,2471,0,1039,397,642,1039,214,2259,51,2504,2015
181100,36,029,013201,2,640,671,1793,19.8,103,2329,0,950,905,45,950,0,2369,0,2369,2015
127600,36,029,013201,3,-666666666,342,787,-666666666.0,41,1121,33,482,401,48,449,2,1119,0,1121,2015
212400,36,029,013202,1,658,482,1382,25.1,120,1659,21,681,440,220,660,34,1788,22,1824,2015
196000,36,029,013202,2,576,503,2480,50.0,119,3499,60,1334,1190,84,1274,83,3404,30,3499,2015
148800,36,029,013300,1,922,183,1007,33.7,40,1454,21,572,481,70,551,135,1384,0,1454,2015
146300,36,029,013300,2,608,151,416,33.5,9,491,0,290,114,176,290,31,452,30,491,2015
145300,36,029,013300,3,614,76,445,20.8,44,666,0,258,216,42,258,12,666,0,666,2015
133200,36,029,013300,4,673,204,690,30.9,54,1136,0,430,300,130,430,148,1018,0,1136,2015
167300,36,029,013400,1,-666666666,35,473,-666666666.0,0,593,0,326,296,30,326,0,541,0,593,2015
152000,36,029,013400,2,608,131,607,14.2,14,867,14,387,239,134,373,18,849,0,884,2015
174200,36,029,013400,3,559,290,808,18.0,2,1093,0,475,206,269,475,21,1089,9,1111,2015
165000,36,029,013400,4,764,214,672,22.3,69,1166,20,452,170,262,432,45,1132,0,1180,2015
149000,36,029,013400,5,825,585,1989,50.0,296,2596,0,1157,891,266,1157,48,2545,0,2596,2015
169000,36,029,013501,1,782,592,1972,25.1,18,2890,42,1116,822,252,1074,108,2890,1,2893,2015
223300,36,029,013501,2,-666666666,344,987,-666666666.0,46,1388,47,565,518,0,518,0,1378,0,1388,2015
221500,36,029,013501,3,832,647,2231,31.5,33,2602,77,1242,935,230,1165,66,2766,28,2948,2015
292900,36,029,013502,1,,280,1463,48.2,73,2289,0,792,707,85,792,35,2168,0,2289,2015
297100,36,029,013502,2,-666666666,76,1186,-666666666.0,19,1845,10,582,572,0,572,57,1757,0,1845,2015
270600,36,029,013502,3,-666666666,244,1355,-666666666.0,0,2000,15,700,685,0,685,13,1964,15,2000,2015
261600,36,029,013502,4,-666666666,201,758,-666666666.0,0,892,0,374,346,28,374,0,892,0,892,2015
206400,36,029,013600,1,746,161,796,23.8,10,1102,32,540,332,176,508,0,1173,0,1182,2015
217800,36,029,013600,2,1040,123,683,28.1,61,1037,53,493,261,179,440,19,1037,0,1037,2015
218800,36,029,013600,3,833,118,636,30.1,26,810,0,359,252,107,359,19,770,39,810,2015
152900,36,029,013701,1,665,308,1043,36.6,65,1237,15,544,453,76,529,0,1237,0,1237,2015
117400,36,029,013701,2,746,564,1500,16.8,66,2111,74,955,673,208,881,0,2026,22,2111,2015
152700,36,029,013701,3,825,263,696,19.8,18,902,0,498,206,292,498,0,907,9,916,2015
170300,36,029,013701,4,803,544,1423,17.9,97,2044,59,876,680,137,817,50,1964,64,2044,2015
236300,36,029,013702,1,881,307,2118,19.0,44,3530,16,1109,1035,58,1093,68,3335,0,3530,2015
201300,36,029,013702,2,896,569,1806,27.4,109,2344,278,1429,559,592,1151,42,2262,42,2344,2015
213200,36,029,013800,1,536,639,1810,19.2,195,2720,52,1028,858,118,976,96,2668,0,2720,2015
225700,36,029,013800,2,277,83,404,27.7,0,512,0,253,213,40,253,0,512,0,512,2015
194200,36,029,013800,3,677,543,2031,21.0,300,2930,37,1240,909,294,1203,0,2857,20,2930,2015
254200,36,029,013800,4,-666666666,267,500,-666666666.0,94,772,45,311,239,27,266,36,762,2,814,2015
246200,36,029,013800,5,-666666666,114,659,-666666666.0,29,833,0,316,302,14,316,0,792,0,833,2015
183200,36,029,013900,1,614,287,1469,22.6,174,2196,93,1015,704,218,922,16,2130,3,2196,2015
202300,36,029,014000,1,889,156,1026,25.6,25,1391,99,690,530,61,591,46,1358,0,1391,2015
158100,36,029,014000,2,542,659,1748,24.7,144,2147,54,970,640,276,916,33,2368,60,2432,2015
246300,36,029,014101,1,-666666666,368,1107,-666666666.0,87,1599,34,664,597,33,630,0,1580,2,1599,2015
228900,36,029,014101,2,721,227,1423,50.0,0,1981,43,829,708,78,786,57,1924,0,1981,2015
222300,36,029,014101,3,482,845,2186,17.6,76,2597,62,1244,1106,76,1182,25,2572,0,2597,2015
192400,36,029,014102,1,,561,1763,36.7,126,2321,66,1011,834,111,945,0,2320,1,2321,2015
203800,36,029,014102,2,617,855,2424,46.3,45,3112,32,1300,1162,106,1268,0,3040,0,3112,2015
173800,36,029,014204,1,1033,775,2219,43.2,172,2662,79,1391,823,489,1312,43,2766,9,2821,2015
195800,36,029,014204,2,646,458,933,13.8,78,1275,33,548,454,61,515,0,1286,0,1293,2015
238200,36,029,014206,1,-666666666,553,2060,-666666666.0,97,3400,53,1126,1073,0,1073,0,3436,0,3436,2015
246400,36,029,014206,2,-666666666,502,1444,-666666666.0,32,2394,0,723,671,52,723,289,2394,0,2394,2015
240800,36,029,014206,3,-666666666,249,1053,-666666666.0,30,1683,0,571,548,23,571,0,1682,1,1683,2015
164800,36,029,014207,1,-666666666,372,761,-666666666.0,53,782,32,456,367,57,424,0,832,34,866,2015
220200,36,029,014207,2,572,202,1155,23.6,0,1681,15,647,585,47,632,49,1662,0,1681,2015
192400,36,029,014207,3,652,648,2052,35.0,120,2712,17,1241,627,597,1224,32,2504,195,2712,2015
179200,36,029,014208,1,576,444,1107,13.0,29,1148,25,509,384,100,484,15,1267,24,1344,2015
201600,36,029,014208,2,540,445,1192,19.3,29,1684,0,671,617,54,671,0,1688,16,1709,2015
248700,36,029,014208,3,-666666666,264,1436,-666666666.0,9,2256,24,741,717,0,717,50,2179,18,2265,2015
146000,36,029,014209,1,,381,915,18.0,27,1279,56,615,470,89,559,0,1245,34,1279,2015
188700,36,029,014209,2,512,334,1243,17.5,24,1889,0,664,588,76,664,73,1826,0,1889,2015
230300,36,029,014209,3,-666666666,188,663,-666666666.0,8,913,19,331,299,13,312,0,907,0,913,2015
153100,36,029,014300,1,-666666666,220,1056,-666666666.0,20,1507,0,568,513,55,568,0,1543,1,1554,2015
142700,36,029,014300,2,851,321,1022,40.9,173,1542,75,689,445,169,614,0,1519,0,1542,2015
130700,36,029,014300,3,-666666666,285,771,-666666666.0,34,1024,32,483,428,23,451,36,972,0,1024,2015
116700,36,029,014300,4,448,126,395,16.9,16,541,59,316,157,100,257,0,515,0,541,2015
112800,36,029,014300,5,453,458,1009,37.0,36,1487,0,583,477,106,583,0,1210,0,1487,2015
109300,36,029,014400,1,526,484,893,28.5,277,1204,113,753,267,373,640,27,1120,2,1220,2015
115900,36,029,014400,2,545,143,393,19.8,0,519,54,295,178,63,241,0,519,0,519,2015
123500,36,029,014400,3,531,219,746,20.9,103,1171,16,491,308,167,475,10,1181,0,1185,2015
95200,36,029,014400,4,654,449,929,23.8,98,1194,26,546,304,216,520,0,1210,0,1228,2015
139800,36,029,014501,1,500,753,1472,18.5,115,1930,18,826,718,90,808,38,1910,8,1954,2015
111800,36,029,014501,2,640,546,1101,33.1,188,1584,37,699,480,182,662,0,1552,0,1584,2015
59000,36,029,014502,1,474,262,448,24.0,337,820,124,537,52,361,413,0,820,0,820,2015
91200,36,029,014502,2,525,530,969,29.4,339,1549,10,691,393,288,681,173,1406,3,1549,2015
156700,36,029,014601,1,477,324,910,19.3,164,1271,0,619,298,321,619,0,1154,91,1271,2015
211100,36,029,014601,2,1294,184,1332,25.8,49,2063,42,837,561,234,795,25,1834,45,2063,2015
222000,36,029,014601,3,-666666666,76,510,-666666666.0,32,820,0,277,243,34,277,0,820,0,820,2015
163700,36,029,014601,4,,366,812,33.9,17,1000,0,446,405,41,446,65,986,0,1000,2015
302800,36,029,014603,1,1207,325,1724,24.2,19,2481,40,946,840,66,906,0,2115,12,2481,2015
237900,36,029,014603,2,-666666666,179,787,-666666666.0,9,1098,0,415,386,29,415,24,927,79,1098,2015
281700,36,029,014603,3,-666666666,53,525,-666666666.0,11,759,32,327,253,42,295,22,714,0,759,2015
367000,36,029,014604,1,-666666666,221,1609,-666666666.0,16,2712,45,850,771,34,805,34,2485,0,2712,2015
322600,36,029,014604,2,986,206,1683,48.2,62,2565,34,991,714,243,957,62,2272,39,2565,2015
400000,36,029,014604,3,808,293,1243,30.7,69,1935,0,599,502,97,599,57,1809,7,1935,2015
278800,36,029,014604,4,-666666666,75,634,-666666666.0,0,880,0,387,349,38,387,11,869,11,880,2015
185400,36,029,014701,1,1040,85,499,19.2,0,746,0,315,273,42,315,0,718,0,746,2015
314500,36,029,014701,2,-666666666,162,798,-666666666.0,77,1331,26,412,386,0,386,16,1322,9,1331,2015
227700,36,029,014701,3,491,729,2291,22.8,185,3331,40,1261,1111,110,1221,117,3139,29,3331,2015
202700,36,029,014702,1,433,155,751,25.9,113,1012,0,419,289,130,419,0,952,4,1017,2015
217900,36,029,014702,2,505,350,1322,25.5,249,1699,15,714,404,295,699,128,1821,72,1932,2015
300500,36,029,014702,3,-666666666,93,871,-666666666.0,14,1405,15,469,437,17,454,0,1317,0,1405,2015
108300,36,029,014702,4,940,449,1276,50.0,153,1551,39,765,656,70,726,12,1527,0,1551,2015
263800,36,029,014702,5,866,412,1711,21.7,10,2473,35,883,727,121,848,0,2141,3,2479,2015
122600,36,029,014801,1,497,404,871,18.4,70,1284,18,547,309,220,529,0,1220,1,1284,2015
122300,36,029,014801,2,477,361,977,22.9,69,1271,27,625,317,281,598,24,1217,0,1271,2015
182500,36,029,014803,1,588,258,684,34.6,0,1011,0,378,292,86,378,0,1011,0,1011,2015
157900,36,029,014803,2,-666666666,466,825,-666666666.0,47,1135,88,560,458,14,472,0,1113,14,1135,2015
118800,36,029,014803,3,488,709,1401,12.9,32,1826,0,790,707,83,790,0,1737,28,1826,2015
157000,36,029,014803,4,650,719,1480,30.9,122,2126,31,885,764,90,854,18,2034,63,2126,2015
141000,36,029,014901,1,548,391,1000,25.6,125,1339,17,632,396,219,615,0,1323,21,1344,2015
95500,36,029,014901,2,613,363,886,30.5,164,1246,53,630,379,198,577,30,1214,5,1246,2015
157800,36,029,014903,1,-666666666,370,1032,-666666666.0,169,1564,35,578,510,33,543,19,1498,0,1564,2015
163800,36,029,014903,2,-666666666,207,427,-666666666.0,61,504,0,201,190,11,201,0,470,34,504,2015
167300,36,029,014903,3,761,919,1952,35.7,162,2781,84,1145,831,230,1061,17,2684,0,2781,2015
179300,36,029,014903,4,-666666666,256,621,-666666666.0,0,874,11,325,314,0,314,0,874,0,874,2015
-666666666,36,029,014904,1,-666666666,1269,1700,-666666666.0,0,0,12,12,0,0,0,245,833,966,2069,2015
168900,36,029,015001,1,-666666666,640,1394,-666666666.0,212,1993,32,802,708,62,770,39,1993,0,1993,2015
210100,36,029,015001,2,535,634,1869,40.5,9,2757,0,988,939,49,988,15,2757,0,2757,2015
146600,36,029,015001,3,-666666666,173,406,-666666666.0,0,595,43,284,230,11,241,0,595,0,595,2015
161800,36,029,015002,1,556,506,1587,28.9,153,2263,27,962,849,86,935,26,2235,0,2263,2015
201500,36,029,015002,2,-666666666,279,565,-666666666.0,0,767,60,344,273,11,284,27,608,0,767,2015
162500,36,029,015003,1,529,765,1618,26.4,182,2265,22,1006,887,97,984,0,2233,0,2280,2015
125300,36,029,015003,2,477,398,831,14.7,177,1079,30,471,300,141,441,52,1108,1,1123,2015
175000,36,029,015101,1,570,501,1178,36.7,201,1707,54,711,556,101,657,0,1677,0,1707,2015
202800,36,029,015101,2,507,213,502,25.7,8,607,31,326,245,50,295,0,602,0,607,2015
172400,36,029,015101,3,-666666666,337,713,-666666666.0,17,956,35,388,332,21,353,0,946,2,956,2015
156000,36,029,015102,1,531,526,1100,13.9,52,1547,28,571,473,70,543,11,1549,0,1565,2015
138100,36,029,015102,2,854,459,869,29.6,110,1229,34,520,429,57,486,24,1226,0,1229,2015
208300,36,029,015201,1,470,350,751,16.9,29,964,0,415,358,57,415,0,964,0,964,2015
174800,36,029,015201,2,619,546,1572,42.5,110,2086,31,831,752,48,800,55,2039,55,2102,2015
206700,36,029,015202,1,-666666666,380,1316,-666666666.0,4,1728,41,744,666,37,703,0,1766,0,1766,2015
145500,36,029,015202,2,629,551,1200,31.5,41,1463,34,703,396,273,669,0,1463,0,1463,2015
154600,36,029,015202,3,720,275,1107,24.7,100,1734,76,743,506,161,667,20,1728,6,1734,2015
120500,36,029,015301,1,435,319,772,27.1,94,1017,15,472,343,114,457,0,1053,0,1054,2015
156800,36,029,015301,2,-666666666,584,1191,-666666666.0,74,1568,37,644,559,48,607,32,1574,0,1580,2015
168500,36,029,015301,3,450,515,1524,32.5,43,2217,70,877,747,60,807,23,2211,4,2217,2015
178700,36,029,015302,1,-666666666,163,611,-666666666.0,4,832,41,349,287,21,308,17,832,0,832,2015
156300,36,029,015302,2,,535,961,22.9,65,1157,0,516,381,135,516,11,1157,0,1157,2015
166100,36,029,015302,3,-666666666,312,653,-666666666.0,42,843,10,348,338,0,338,0,851,0,851,2015
108600,36,029,015401,1,757,347,1017,27.7,67,1515,45,669,471,153,624,0,1482,21,1515,2015
91300,36,029,015401,2,613,379,726,22.5,177,1030,8,447,378,61,439,0,1030,0,1030,2015
137600,36,029,015402,1,711,344,837,13.5,81,1088,136,632,439,57,496,62,1068,0,1088,2015
152800,36,029,015402,2,-666666666,195,460,-666666666.0,149,788,50,283,233,0,233,0,788,0,788,2015
119200,36,029,015402,3,-666666666,389,1047,-666666666.0,162,1506,39,664,625,0,625,68,1449,0,1506,2015
103500,36,029,015402,4,410,759,1347,37.6,310,1770,56,768,573,139,712,23,1718,0,1770,2015
107400,36,029,015501,1,508,577,1284,35.6,209,1858,124,921,560,237,797,42,1719,38,1858,2015
116400,36,029,015503,1,447,462,935,24.1,146,1280,117,645,447,81,528,8,1172,19,1280,2015
82900,36,029,015503,2,593,491,1006,37.8,112,1255,71,706,486,149,635,6,1221,3,1255,2015
82100,36,029,015504,1,850,504,861,38.0,181,1167,110,616,446,60,506,25,1117,0,1167,2015
132500,36,029,015504,2,-666666666,381,1004,-666666666.0,139,1323,169,745,505,71,576,18,1304,1,1323,2015
97700,36,029,015504,3,-666666666,201,312,-666666666.0,10,407,28,214,175,11,186,0,407,0,407,2015
96500,36,029,015504,4,620,308,831,23.0,43,1331,113,602,426,63,489,20,1281,0,1331,2015
110800,36,029,015600,1,526,462,938,24.9,129,1247,135,673,420,118,538,7,1200,11,1247,2015
135400,36,029,015600,2,420,282,607,27.4,99,924,27,367,280,60,340,96,759,0,924,2015
141100,36,029,015700,1,-666666666,413,796,-666666666.0,31,1015,7,398,362,29,391,9,1028,8,1036,2015
120800,36,029,015700,2,-666666666,265,595,-666666666.0,99,801,32,324,274,18,292,0,834,0,853,2015
96300,36,029,015700,3,536,199,503,28.6,18,685,26,283,230,27,257,0,671,7,685,2015
105700,36,029,015700,4,506,284,562,24.8,50,939,40,375,176,159,335,0,904,0,939,2015
169500,36,029,015800,1,,672,1523,24.3,116,2184,116,1016,755,145,900,0,2127,0,2184,2015
127600,36,029,015800,2,332,766,1528,29.2,92,2035,82,987,831,74,905,0,2026,9,2035,2015
107700,36,029,015900,1,502,962,1636,27.9,394,2294,0,1022,559,463,1022,13,2288,44,2368,2015
126800,36,029,015900,2,593,599,1513,30.4,181,1833,40,911,572,299,871,95,1795,27,1960,2015
-666666666,36,029,016100,1,-666666666,1773,2353,-666666666.0,5,40,0,4,4,0,4,450,1175,985,2659,2015
86900,36,029,016200,1,469,445,826,31.9,131,952,89,604,291,224,515,149,823,127,1094,2015
97900,36,029,016200,2,442,317,730,22.1,53,939,0,453,395,58,453,21,862,44,958,2015
29100,36,029,016300,1,510,385,599,50.0,338,942,36,406,177,193,370,201,783,0,942,2015
34600,36,029,016300,2,547,231,405,50.0,325,710,55,306,104,147,251,0,445,265,710,2015
42700,36,029,016300,3,402,390,603,24.9,203,922,129,524,197,198,395,114,837,5,922,2015
-666666666,36,029,016400,1,243,253,503,25.0,316,731,66,560,0,494,494,85,97,581,731,2015
37100,36,029,016400,2,388,301,432,27.8,164,704,207,512,110,195,305,0,613,91,704,2015
51100,36,029,016400,3,450,256,446,50.0,122,530,48,331,136,147,283,53,213,201,530,2015
89600,36,029,016400,4,573,307,547,40.3,315,1081,23,346,143,180,323,489,146,552,1081,2015
290000,36,029,016500,1,821,481,1214,22.5,308,1081,211,894,36,647,683,188,1036,390,1561,2015
,36,029,016600,1,449,346,429,50.0,121,729,122,397,174,101,275,0,11,625,729,2015
18400,36,029,016600,2,397,221,281,48.0,155,413,50,270,100,120,220,0,0,413,413,2015
32500,36,029,016600,3,-666666666,203,326,-666666666.0,72,403,24,236,186,26,212,0,15,388,403,2015
49700,36,029,016600,4,488,332,650,46.8,365,1001,121,538,125,292,417,10,35,993,1028,2015
66900,36,029,016700,1,,228,435,34.2,110,687,68,375,221,86,307,15,671,0,699,2015
60600,36,029,016700,2,347,268,445,27.8,30,525,58,385,200,127,327,8,513,0,525,2015
64300,36,029,016700,3,456,392,619,50.0,239,848,87,468,259,122,381,198,782,32,848,2015
26400,36,029,016800,1,564,191,476,42.3,327,744,252,568,164,152,316,19,23,731,757,2015
60600,36,029,016800,2,447,364,846,30.5,631,1416,211,841,149,481,630,153,103,1273,1428,2015
51800,36,029,016800,3,337,294,403,39.4,168,532,144,436,71,221,292,0,0,478,532,2015
57400,36,029,016800,4,514,290,560,47.3,170,827,215,560,146,199,345,57,37,793,877,2015
279800,36,029,016900,1,755,30,796,22.5,129,1047,139,648,219,290,509,22,1025,13,1047,2015
168300,36,029,016900,2,775,20,482,35.9,141,553,0,416,182,234,416,9,439,40,553,2015
80300,36,029,016900,3,708,208,738,36.0,156,1046,113,585,197,275,472,131,526,372,1152,2015
,36,029,016900,4,526,139,314,34.3,228,488,131,329,82,116,198,21,484,373,984,2015
44700,36,029,017000,1,513,320,668,50.0,176,1008,108,574,275,191,466,28,22,968,1008,2015
44200,36,029,017000,2,535,674,1271,45.3,597,1795,194,888,331,363,694,13,109,1660,1877,2015
,36,029,017100,1,522,345,439,50.0,819,1114,72,418,111,235,346,436,197,399,1114,2015
,36,029,017100,2,655,368,576,25.6,675,1089,72,340,108,160,268,177,86,678,1106,2015
60700,36,029,017100,3,591,381,532,44.8,815,1106,124,508,58,326,384,364,383,308,1106,2015
40600,36,029,017100,4,492,319,596,50.0,653,1168,40,328,146,142,288,131,384,204,1168,2015
29400,36,029,017100,5,482,381,670,28.0,402,927,105,342,79,158,237,316,513,211,1084,2015
74000,36,029,017200,1,502,259,469,12.1,21,618,0,293,189,104,293,11,614,0,651,2015
77500,36,029,017200,2,460,185,392,50.0,327,517,26,351,66,259,325,81,517,0,517,2015
82900,36,029,017200,3,605,350,804,20.1,140,1100,69,531,302,160,462,0,1082,0,1100,2015
154400,36,029,017300,1,-666666666,561,1765,-666666666.0,58,2651,0,936,923,13,936,64,2582,0,2651,2015
138300,36,029,017300,2,-666666666,234,644,-666666666.0,86,802,44,478,387,47,434,3,793,23,847,2015
153300,36,029,017300,3,917,579,1874,50.0,74,2456,91,1155,907,157,1064,23,2423,0,2456,2015
129500,36,029,017300,4,592,206,816,28.8,76,1073,0,411,298,113,411,0,1073,0,1073,2015
65300,36,029,017400,1,418,472,817,50.0,722,1376,106,573,226,241,467,124,991,268,1409,2015
56400,36,029,017400,2,566,465,729,19.5,256,1173,0,435,315,120,435,236,875,35,1173,2015
58600,36,029,017400,3,404,323,458,29.3,408,906,59,347,76,212,288,256,252,523,906,2015
-666666666,36,029,017400,4,309,181,328,25.3,475,732,0,317,6,311,317,19,58,610,732,2015
89500,36,029,017501,1,495,214,439,29.1,121,567,12,303,220,71,291,0,535,0,572,2015
81800,36,029,017501,2,475,358,617,30.4,171,856,47,422,201,174,375,0,704,8,856,2015
118200,36,029,017502,1,431,454,954,17.6,204,1244,65,539,412,62,474,0,1244,0,1244,2015
116000,36,029,017502,2,438,512,913,17.3,70,1217,56,531,434,41,475,0,1188,7,1217,2015
82300,36,029,940000,1,258,365,691,22.7,315,1218,79,523,342,102,444,71,90,0,1229,2015
78800,36,029,940000,2,-666666666,230,384,-666666666.0,202,533,89,336,198,49,247,3,23,3,533,2015
-666666666,36,029,940100,1,-666666666,5,5,-666666666.0,0,18,0,3,3,0,3,0,0,0,18,2015
-666666666,36,029,990000,0,-666666666,0,0,-666666666.0,0,0,0,0,0,0,0,0,0,0,0,2015
182600,36,029,009009,1,-666666666,168,1083,-666666666.0,50,1402,0,540,540,0,540,0,1174,102,1402,2015
212700,36,029,009009,2,1257,704,2680,34.1,117,3712,0,1584,1214,370,1584,30,3039,32,3712,2015
247900,36,029,009010,1,1257,257,1929,29.7,126,2837,0,1024,841,183,1024,58,2475,76,2837,2015
248300,36,029,009010,2,715,436,1874,28.1,454,3152,0,1056,835,221,1056,180,2543,146,3162,2015
206400,36,029,009104,1,-666666666,201,1005,-666666666.0,17,1581,0,568,555,13,568,0,1434,7,1581,2015
219000,36,029,009104,2,-666666666,83,932,-666666666.0,44,1331,0,493,486,7,493,70,1257,8,1331,2015
173400,36,029,009104,3,958,382,1149,23.3,129,1400,8,662,571,83,654,65,1355,27,1400,2015
165300,36,029,009106,1,-666666666,188,699,-666666666.0,58,906,23,379,341,15,356,51,763,109,906,2015
143100,36,029,009106,2,986,429,1322,32.3,194,2301,29,861,528,304,832,27,1969,160,2301,2015
163600,36,029,009107,1,840,325,867,50.0,484,1565,70,524,278,176,454,478,965,222,1565,2015
132100,36,029,009107,2,831,174,789,28.7,358,1381,18,480,203,259,462,26,901,298,1381,2015
145200,36,029,009107,3,686,437,1200,25.4,284,1881,0,884,348,536,884,14,1452,322,1881,2015
145700,36,029,009107,4,921,124,373,16.4,0,444,0,259,183,76,259,30,414,0,444,2015
169800,36,029,009109,1,748,336,865,30.8,172,1328,69,569,365,135,500,32,1033,11,1328,2015
158000,36,029,009109,2,828,377,1184,47.5,114,1811,26,769,580,163,743,0,1575,31,1811,2015
-666666666,36,029,009110,1,-666666666,0,254,-666666666.0,7,7,5,7,0,2,2,500,3380,528,5793,2015
149500,36,029,009112,1,669,1093,2615,35.8,591,2703,98,1654,443,1113,1556,52,2702,194,3164,2015
205800,36,029,009113,1,-666666666,135,1240,24.0,0,1889,0,624,562,62,624,127,1660,123,1889,2015
230400,36,029,009113,2,-666666666,252,1975,-666666666.0,163,2621,0,1111,1064,47,1111,43,2357,148,2621,2015
228200,36,029,009113,3,1179,233,1580,20.0,76,2264,42,870,768,60,828,47,1916,19,2264,2015
219400,36,029,009114,1,-666666666,140,1079,-666666666.0,88,1492,17,537,520,0,520,37,1360,0,1492,2015
131300,36,029,009114,2,959,172,1075,23.0,220,1436,67,696,459,170,629,89,927,48,1436,2015
192100,36,029,009114,3,-666666666,226,959,-666666666.0,13,1368,22,558,507,29,536,10,1278,20,1368,2015
82500,36,029,009115,1,881,247,1256,45.2,1453,2650,66,1143,328,749,1077,92,1571,371,2828,2015
103600,36,029,009115,2,880,157,775,46.2,485,1163,37,727,337,353,690,7,640,122,1163,2015
203900,36,029,009116,1,749,184,906,19.5,88,1228,0,491,280,211,491,52,1173,2,1228,2015
167500,36,029,009116,2,-666666666,64,650,-666666666.0,29,1009,41,353,298,14,312,0,971,0,1009,2015
113300,36,029,009116,3,725,230,527,41.9,189,947,39,490,45,406,451,74,332,306,947,2015
202900,36,029,009116,4,963,317,1369,42.0,502,2314,38,949,405,506,911,0,1825,66,2314,2015
140200,36,029,009200,1,618,249,807,26.9,151,1044,61,614,439,114,553,105,880,48,1044,2015
111500,36,029,009200,2,-666666666,223,616,-666666666.0,91,823,0,398,372,26,398,0,823,0,823,2015
109000,36,029,009200,3,818,191,587,50.0,328,783,108,662,110,444,554,0,516,73,783,2015
-666666666,36,029,009200,4,903,183,708,34.8,198,837,0,474,25,449,474,0,286,50,837,2015
111800,36,029,009301,1,593,232,630,50.0,127,986,0,480,326,154,480,29,773,144,986,2015
93500,36,029,009301,2,-666666666,171,487,-666666666.0,58,741,13,348,240,95,335,0,425,243,741,2015
78100,36,029,009301,3,639,126,1003,44.6,540,1434,72,779,234,473,707,22,551,141,1434,2015
147100,36,029,009301,4,-666666666,50,576,-666666666.0,0,765,0,291,280,11,291,16,538,159,765,2015
98500,36,029,009301,5,408,258,655,35.8,489,1313,40,607,111,456,567,0,837,476,1313,2015
100400,36,029,009302,1,791,254,697,34.8,87,974,10,447,298,139,437,29,749,118,974,2015
107500,36,029,009302,2,625,198,743,15.2,82,1152,12,506,441,53,494,0,967,126,1152,2015
86800,36,029,009302,3,661,193,413,31.3,169,513,0,227,156,71,227,7,524,19,600,2015
141900,36,029,009401,1,788,169,744,24.9,288,1173,0,665,286,379,665,74,1421,84,1712,2015
207100,36,029,009401,2,1384,47,1040,50.0,57,1544,0,559,520,39,559,55,1418,0,1544,2015
138400,36,029,009401,3,602,164,634,19.9,0,867,38,425,304,83,387,0,641,108,867,2015
126200,36,029,009401,4,-666666666,151,723,-666666666.0,160,1134,0,367,337,30,367,0,1068,81,1149,2015
162600,36,029,009401,5,-666666666,187,535,-666666666.0,36,728,0,297,258,39,297,10,693,25,728,2015
181400,36,029,009402,1,-666666666,156,592,-666666666.0,74,737,20,379,350,9,359,24,649,71,737,2015
154400,36,029,009402,2,681,170,799,20.7,33,1047,7,557,326,224,550,59,1039,0,1047,2015
232700,36,029,009402,3,1742,90,920,18.7,44,1314,23,523,453,47,500,42,1269,29,1338,2015
189500,36,029,009402,4,-666666666,60,810,-666666666.0,9,1120,8,465,448,9,457,41,1027,13,1120,2015
170400,36,029,009501,1,-666666666,32,301,-666666666.0,133,542,0,171,156,15,171,0,297,197,542,2015
138500,36,029,009501,2,720,201,1529,16.8,56,1941,28,963,826,109,935,0,1403,538,1941,2015
163300,36,029,009501,3,894,239,1216,20.6,0,1628,0,759,684,75,759,12,1458,108,1628,2015
299000,36,029,009501,4,-666666666,101,610,-666666666.0,13,939,0,306,290,16,306,0,929,10,939,2015
128400,36,029,009502,1,759,276,966,14.8,61,1169,0,512,358,154,512,0,1143,26,1190,2015
137300,36,029,009502,2,720,421,1501,24.1,48,1675,117,854,440,297,737,41,1654,56,1929,2015
136200,36,029,009502,3,635,152,932,12.5,40,1227,33,636,558,45,603,53,1153,42,1227,2015
159200,36,029,009502,4,-666666666,53,631,-666666666.0,23,863,0,339,339,0,339,11,817,0,863,2015
159800,36,029,009502,5,735,110,973,31.5,187,1455,50,687,447,190,637,62,1407,15,1466,2015
166700,36,029,009600,1,1296,347,1163,21.8,334,1707,0,722,388,334,722,159,1378,35,1707,2015
233700,36,029,009600,2,1340,607,2148,50.0,189,2592,52,1432,834,546,1380,27,2470,43,2644,2015
236500,36,029,009600,3,834,578,1807,31.9,210,1946,43,1219,282,894,1176,19,1787,199,2084,2015
111700,36,029,009701,1,757,462,1073,24.3,153,1463,129,783,371,283,654,15,1379,48,1463,2015
111100,36,029,009701,2,-666666666,586,1147,-666666666.0,0,1485,8,627,602,17,619,0,1398,34,1485,2015
105400,36,029,009702,1,865,463,1014,29.5,10,1294,0,602,470,132,602,10,1276,0,1294,2015
105600,36,029,009702,2,-666666666,400,802,-666666666.0,56,1074,22,465,443,0,443,6,973,43,1111,2015
106400,36,029,009702,3,716,387,798,46.8,43,1042,0,438,407,31,438,18,1033,0,1042,2015
98700,36,029,009702,4,595,308,806,33.2,111,1198,0,457,345,112,457,64,1160,0,1198,2015
105100,36,029,009800,1,553,411,761,29.2,191,1047,47,513,322,144,466,36,1047,0,1047,2015
131300,36,029,009800,2,700,202,439,26.8,28,680,15,268,151,102,253,60,670,0,680,2015
71300,36,029,009900,1,467,478,1115,23.8,61,1497,44,686,548,94,642,0,1424,63,1497,2015
79100,36,029,009900,2,485,295,538,41.9,271,808,53,421,229,139,368,41,707,40,808,2015
71000,36,029,009900,3,576,611,1087,21.8,77,1319,85,758,431,242,673,25,1319,0,1319,2015
97200,36,029,010001,1,680,586,1377,28.4,149,1885,32,825,614,179,793,55,1832,0,1885,2015
97000,36,029,010001,2,541,331,848,18.4,74,1075,0,505,380,125,505,21,1059,7,1093,2015
104600,36,029,010002,1,601,767,1493,25.5,144,1762,74,974,606,294,900,65,1639,59,1762,2015
107400,36,029,010002,2,609,572,1081,46.4,93,1411,62,722,559,101,660,0,1353,44,1411,2015
27200,36,029,010002,3,940,423,728,22.0,72,888,0,516,447,69,516,0,849,0,888,2015
90400,36,029,010003,1,551,585,1357,28.9,130,1875,65,858,557,236,793,68,1601,123,1875,2015
119600,36,029,010003,2,697,453,844,24.4,113,1225,10,547,397,140,537,0,1032,126,1225,2015
111000,36,029,010003,3,474,225,454,33.9,131,710,0,337,182,155,337,0,710,0,710,2015
111200,36,029,010101,1,-666666666,176,633,-666666666.0,0,893,0,380,380,0,380,0,836,57,893,2015
87200,36,029,010101,2,817,420,932,30.2,64,1345,68,685,487,130,617,35,1229,80,1345,2015
102500,36,029,010101,3,832,314,791,16.6,48,1017,100,553,407,46,453,0,788,191,1017,2015
90800,36,029,010101,4,-666666666,421,820,-666666666.0,37,1076,0,487,457,30,487,49,815,233,1087,2015
96200,36,029,010102,1,610,403,855,30.5,100,1234,66,727,310,351,661,51,883,187,1256,2015
94000,36,029,010102,2,519,216,374,38.2,194,551,63,345,96,186,282,29,377,149,551,2015
64400,36,029,010102,3,501,423,1080,29.0,570,1864,97,884,207,580,787,303,1285,488,1864,2015
